Keyword,Relevant
tax,1
income,1
taxes,1
irs,0
taxable,1
taxed,1
federal,1
fees,1
deductions,1
withheld,1
pensions,1
paye,1
taxpayer,1
rich,0
0,0
fica,0
vat,1
profits,1
taxation,1
mortgage,1
medicare,0
pension,1
savings,1
taxpayers,1
interest,1
u.s.,0
taxing,1
salary,1
treasury,0
filing,1
wealthy,0
financial,1
deducting,1
exemptions,1
insurance,1
debt,1
monthly,0
revenue,0
corporations,0
equity,0
loan,1
healthcare,0
investment,1
payable,0
govt,0
employer,0
payments,1
expenses,1
allowance,1
deduction,1
deduct,1
earnings,1
dividends,1
deducted,1
dividend,1
repayments,1
deductible,1
pre-tax,1
cashback,1
post-tax,1
annuity,1
15.3%,0
premiums,1
pretax,1
shortfall,0
7.65%,0
mortage,1
20k,0
vat.,1
windfall,1
6.2%,0
expenditures,1
time,0
people,0
wiki,0
house,0
return,0
self,0
property,0
fraud,0
year,0
reddit,0
rate,0
credit,1
red,0
london,0
california,0
refund,0
fund,0
rent,0
inflation,1
bank,1
index,0
capital,0
card,0
estate,0
assessment,0
crypto,0
car,0
market,0
code,0
hsbc,0
employment,0
company,0
accountant,0
pay,1
sum,0
inheritance,0
employed,0
withholding,1
gift,0
gambling,0
life,0
email,0
finance pensions,1
income tax,1
ukpersonal,0
thanks,0
pages wiki,0
finance credit,1
https ukpersonal,0
savings account,1
ukpersonal finance,1
thank,0
yes,0
finance savings,1
isa,1
credit score,1
tax rate,1
tax return,1
uk,1
pay tax,1
tax year,0
money,1
points shown,0
pay taxes,1
years,0
ukpersonalfinance,1
op,0
don,0
did,0
tax code,1
just,0
1099,0
student loans,1
rate tax,1
taxable income,1
self employed,0
capital gains,0
months,0
know,0
2023,0
mark report,0
ukpersonalfinance rules,0
