Keyword,Relevant
nhs,1
6,0
nhs.,1
medical,1
scotland,0
labour,0
hospital,1
tories,0
govt,0
tory,0
government,0
gov,0
bbc,0
privatisation,0
healthcare,1
reform,0
snp,0
mps,0
privatised,0
westminster,0
brexit,0
council,0
committee,0
pfi,0
privatise,0
conservative,0
dwp,0
funding,1
audit,0
parliament,0
conservatives,0
medicare,1
education,0
gum,0
immigration,0
minister,0
hse,1
independent,0
foreign,0
institute,0
gchq,0
economic,0
socialist,0
pensions,0
taxpayer,0
welfare,1
subsidised,1
subsidise,1
austerity,1
privatising,0
taxpayers,0
privatized,0
subsidising,1
pensioners,0
ubi,1
privatization,0
entitlements,1
heathcare,1
subsidises,1
hs2,0
ukip,0
subsidy,1
nationalising,1
privatize,0
nationalise,1
holyrood,0
privatizing,0
time,0
people,0
consultant,0
subreddit,0
nurse,1
red,0
reddit,0
email,0
medicine,1
london,0
health,1
interview,0
locum,0
reg,0
doctor,1
inflation,0
pay,0
radiology,0
leave,0
care,1
surgery,1
strike,0
mental,0
england,0
deanery,0
nursing,0
reason,0
rota,1
public,1
school,0
surgeon,1
sector,0
life,0
blood,0
pain,0
oncology,1
private,1
anaesthetic,0
psychiatry,0
cancer,1
pension,0
modqueue,0
med,1
radiologist,0
stroke,0
registrar,0
juniordoctorsuk questions,0
subscribing doctorsuk,0
14y1vb1 important_moderation_update_closure_of_jduk,0
pa,0
close replaced,0
bot action,0
pas,0
gif,0
gp,1
giphy,0
gif giphy,0
doctorsuk questions,1
uk,0
doctors,1
just,0
bma,1
contact moderators,0
thank,0
medical school,1
like,0
thanks,0
ward,0
yes,0
know,0
trust,0
lol,0
visibility bot,0
don,0
patients,1
gmc,1
think,0
did,0
encouraged subreddit,0
review post,0
agree,0
training,1
accounts held,0
good,0
downsized,0
subreddit comment,0
consultants,0
years,0
