Keyword,Relevant
tax,1.0
income,1.0
taxes,1.0
federal,0.0
irs,1.0
rich,0.0
u.s.,0.0
corporations,0.0
healthcare,0.0
wealthy,0.0
taxed,1.0
profits,1.0
welfare,1.0
taxable,1.0
taxation,1.0
subsidies,1.0
housing,0.0
taxing,1.0
fees,0.0
billionaires,0.0
medicare,0.0
govt,0.0
taxpayer,1.0
0,0.0
taxpayers,1.0
subsidize,1.0
pensions,1.0
subsidizing,1.0
treasury,1.0
deductions,1.0
withheld,0.0
interest,1.0
fica,1.0
debt,1.0
richer,0.0
insurance,1.0
subsidy,1.0
medicaid,0.0
unemployment,0.0
wage,1.0
payers,1.0
expenditures,1.0
spending,1.0
payments,1.0
savings,1.0
expenses,1.0
deduction,1.0
earnings,1.0
deduct,1.0
deductible,1.0
dividends,1.0
premiums,1.0
deducted,1.0
dividend,1.0
15.3%,0.0
vat,1.0
"1,000",0.0
mortgage,0.0
deducting,1.0
annuity,1.0
pre-tax,1.0
shortfall,0.0
"50,000",0.0
"4,000",0.0
post-tax,1.0
6.2%,0.0
allowance,1.0
excise,1.0
"6,000",0.0
"200,000",0.0
7.65%,1.0
outlays,1.0
pretax,1.0
payable,1.0
2.9%,1.0
people,0.0
inflation,1.0
time,0.0
china,0.0
thesis,0.0
automod,0.0
sub,0.0
market,1.0
biden,0.0
russia,0.0
wealth,0.0
japan,0.0
california,0.0
rate,1.0
government,0.0
food,0.0
economy,1.0
ukraine,0.0
climate,0.0
social,0.0
property,0.0
minimum,0.0
reddit,0.0
return,0.0
cost,1.0
canada,0.0
stock,1.0
capitalism,1.0
house,0.0
fast,0.0
energy,0.0
deflation,1.0
world,0.0
security,0.0
living,0.0
401k,1.0
economics,1.0
change,0.0
rent,1.0
free,0.0
walmart,0.0
price,0.0
amazon,0.0
economics questions,0.0
bot action,0.0
read article,0.0
fx9crj rules_roundtable_redux_rule_vi_and_offtopic,0.0
comments automatically,0.0
social security,1.0
lol,0.0
just,0.0
income tax,1.0
rates,1.0
minimum wage,1.0
yes,0.0
like,0.0
sales tax,1.0
don,0.0
money,1.0
fed,1.0
housing prices,1.0
population,0.0
housing costs,1.0
know,0.0
cost living,1.0
years,0.0
tax rate,1.0
right,0.0
agree,0.0
think,0.0
yeah,0.0
year,0.0
chinese,0.0
good,0.0
did,0.0
true,0.0
wages,1.0
prices,1.0
deficit,1.0
article,0.0
pay,1.0
student loans,1.0
